{
  "w/o Local Repair": {
    "avg_S": 0.8663,
    "avg_C": 0.015557,
    "avg_L": 4.118,
    "n": 72
  },
  "Pareto+Q(G;X)": {
    "avg_S": 0.8663,
    "avg_C": 0.015557,
    "avg_L": 4.118,
    "n": 72
  },
  "AFlow-Style": {
    "avg_S": 0.8574,
    "avg_C": 0.012988,
    "avg_L": 3.801,
    "n": 78
  },
  "Random": {
    "avg_S": 0.8498,
    "avg_C": 0.011661,
    "avg_L": 3.792,
    "n": 75
  },
  "Best-Quality": {
    "avg_S": 0.8549,
    "avg_C": 0.014803,
    "avg_L": 3.87,
    "n": 54
  },
  "Cheapest": {
    "avg_S": 0.8397,
    "avg_C": 0.006066,
    "avg_L": 2.314,
    "n": 96
  }
}