{
  "w/o Local Repair": {
    "avg_S": 0.7966,
    "avg_C": 0.000889,
    "avg_L": 54.975,
    "n": 153
  },
  "Pareto+Q(G;X)": {
    "avg_S": 0.8451,
    "avg_C": 0.000885,
    "avg_L": 69.925,
    "n": 136
  },
  "Random": {
    "avg_S": 0.6608,
    "avg_C": 0.000737,
    "avg_L": 51.64,
    "n": 187
  },
  "Best-Quality": {
    "avg_S": 0.8327,
    "avg_C": 0.000748,
    "avg_L": 76.425,
    "n": 126
  },
  "Cheapest": {
    "avg_S": 0.5748,
    "avg_C": 0.000527,
    "avg_L": 44.156,
    "n": 161
  },
  "Static Workflow": {
    "avg_S": 0.7026,
    "avg_C": 0.000933,
    "avg_L": 43.424,
    "n": 255
  },
  "FrugalGPT Cascade": {
    "avg_S": 0.6572,
    "avg_C": 0.000532,
    "avg_L": 59.273,
    "n": 170
  },
  "LLM Router": {
    "avg_S": 0.719,
    "avg_C": 0.001093,
    "avg_L": 45.588,
    "n": 153
  },
  "w/o Template Selection": {
    "avg_S": 0.7377,
    "avg_C": 0.000741,
    "avg_L": 48.201,
    "n": 186
  },
  "w/o Executor Adaptation": {
    "avg_S": 0.6838,
    "avg_C": 0.000815,
    "avg_L": 60.806,
    "n": 163
  }
}