{
  "TopoGuard": {
    "avg_S": 0.7531,
    "avg_C": 0.539205,
    "avg_L": 134.605,
    "n": 255
  },
  "AFlow-Style": {
    "avg_S": 0.7289,
    "avg_C": 0.485187,
    "avg_L": 119.927,
    "n": 255
  }
}