{
  "Pareto+Q(G;X)": {
    "avg_S": 0.8348,
    "avg_C": 0.002374,
    "avg_L": 1.306,
    "n": 11
  },
  "Random": {
    "avg_S": 0.8117,
    "avg_C": 0.008349,
    "avg_L": 3.646,
    "n": 2
  },
  "Cheapest": {
    "avg_S": 0.8117,
    "avg_C": 0.008349,
    "avg_L": 3.646,
    "n": 2
  }
}