{
  "Pareto+Q(G;X)": {
    "avg_S": 0.8463,
    "avg_C": 0.0236,
    "avg_L": 10.419,
    "n": 12
  },
  "Best-Quality": {
    "avg_S": 0.8393,
    "avg_C": 0.027581,
    "avg_L": 9.944,
    "n": 13
  },
  "Random": {
    "avg_S": 0.8507,
    "avg_C": 0.026834,
    "avg_L": 9.82,
    "n": 9
  },
  "Cheapest": {
    "avg_S": 0.8158,
    "avg_C": 0.021404,
    "avg_L": 10.663,
    "n": 10
  }
}