{
  "Pareto+Q(G;X)": {
    "avg_S": 0.8663,
    "avg_C": 0.015557,
    "avg_L": 4.118,
    "n": 72
  },
  "Random": {
    "avg_S": 0.8487,
    "avg_C": 0.011803,
    "avg_L": 3.731,
    "n": 76
  },
  "Best-Quality": {
    "avg_S": 0.8549,
    "avg_C": 0.014803,
    "avg_L": 3.87,
    "n": 54
  },
  "Cheapest": {
    "avg_S": 0.8397,
    "avg_C": 0.006066,
    "avg_L": 2.314,
    "n": 96
  }
}