{
  "Pareto+Q(G;X)": {
    "avg_S": 0.7565,
    "avg_C": 0.003231,
    "avg_L": 72.264,
    "n": 152
  },
  "Random": {
    "avg_S": 0.6701,
    "avg_C": 0.00255,
    "avg_L": 54.746,
    "n": 179
  },
  "Best-Quality": {
    "avg_S": 0.7819,
    "avg_C": 0.003427,
    "avg_L": 81.144,
    "n": 143
  },
  "Cheapest": {
    "avg_S": 0.6706,
    "avg_C": 0.002212,
    "avg_L": 50.49,
    "n": 178
  },
  "Static Workflow": {
    "avg_S": 0.6455,
    "avg_C": 0.000611,
    "avg_L": 29.19,
    "n": 238
  },
  "FrugalGPT Cascade": {
    "avg_S": 0.7399,
    "avg_C": 0.003084,
    "avg_L": 74.334,
    "n": 160
  },
  "LLM Router": {
    "avg_S": 0.6943,
    "avg_C": 0.002979,
    "avg_L": 64.197,
    "n": 178
  },
  "w/o Template Selection": {
    "avg_S": 0.7819,
    "avg_C": 0.003427,
    "avg_L": 81.144,
    "n": 143
  },
  "w/o Executor Adaptation": {
    "avg_S": 0.7778,
    "avg_C": 0.003396,
    "avg_L": 79.882,
    "n": 145
  }
}