{
  "Pareto+Q(G;X)": {
    "avg_S": 0.8256,
    "avg_C": 0.000887,
    "avg_L": 54.031,
    "n": 170
  },
  "Random": {
    "avg_S": 0.6876,
    "avg_C": 0.000858,
    "avg_L": 50.767,
    "n": 166
  },
  "Best-Quality": {
    "avg_S": 0.8988,
    "avg_C": 0.001093,
    "avg_L": 67.78,
    "n": 153
  },
  "Cheapest": {
    "avg_S": 0.7205,
    "avg_C": 0.000831,
    "avg_L": 43.149,
    "n": 145
  },
  "Static Workflow": {
    "avg_S": 0.7026,
    "avg_C": 0.000933,
    "avg_L": 43.424,
    "n": 255
  },
  "FrugalGPT Cascade": {
    "avg_S": 0.7861,
    "avg_C": 0.000705,
    "avg_L": 46.318,
    "n": 136
  },
  "LLM Router": {
    "avg_S": 0.7964,
    "avg_C": 0.000947,
    "avg_L": 54.56,
    "n": 153
  },
  "w/o Template Selection": {
    "avg_S": 0.7799,
    "avg_C": 0.000924,
    "avg_L": 41.802,
    "n": 187
  },
  "w/o Executor Adaptation": {
    "avg_S": 0.7856,
    "avg_C": 0.000939,
    "avg_L": 57.199,
    "n": 130
  }
}